{"cameraMode":{"drawMode":0,"name":"Shaded","section":"Shading Mode"},"sceneLighting":true,"audioPlay":false,"sceneViewState":{"m_AlwaysRefresh":false,"showFog":true,"showSkybox":true,"showFlares":true,"showImageEffects":true,"showParticleSystems":true,"showVisualEffectGraphs":true,"m_FxEnabled":true},"in2DMode":false,"pivot":{"x":-0.7564654350280762,"y":1.0020049810409547,"z":1.0664516687393189},"rotation":{"x":0.0004261209396645427,"y":0.999171257019043,"z":-0.021297870203852655,"w":0.021597955375909807},"size":3.0276496410369875,"orthographic":false}