{"cameraMode":{"drawMode":0,"name":"Shaded","section":"Shading Mode"},"sceneLighting":true,"audioPlay":false,"sceneViewState":{"m_AlwaysRefresh":false,"showFog":true,"showSkybox":true,"showFlares":true,"showImageEffects":true,"showParticleSystems":true,"showVisualEffectGraphs":true,"m_FxEnabled":true},"in2DMode":false,"pivot":{"x":-0.22587701678276063,"y":-4.995987892150879,"z":-17.4237003326416},"rotation":{"x":-0.001158083905465901,"y":0.9806419610977173,"z":-0.19400328397750855,"w":-0.005263279192149639},"size":11.395020484924317,"orthographic":false}