{"cameraMode":{"drawMode":0,"name":"Shaded","section":"Shading Mode"},"sceneLighting":true,"audioPlay":false,"sceneViewState":{"m_AlwaysRefresh":false,"showFog":true,"showSkybox":true,"showFlares":true,"showImageEffects":true,"showParticleSystems":true,"showVisualEffectGraphs":true,"m_FxEnabled":true},"in2DMode":false,"pivot":{"x":0.3132344186306,"y":-20.627819061279298,"z":-29.507884979248048},"rotation":{"x":-0.0026615229435265066,"y":0.9004563689231873,"z":-0.4336552619934082,"w":-0.006352017167955637},"size":22.212779998779298,"orthographic":false}