{"cameraMode":{"drawMode":0,"name":"Shaded","section":"Shading Mode"},"sceneLighting":true,"audioPlay":false,"sceneViewState":{"m_AlwaysRefresh":false,"showFog":true,"showSkybox":true,"showFlares":true,"showImageEffects":true,"showParticleSystems":true,"showVisualEffectGraphs":true,"m_FxEnabled":true},"in2DMode":false,"pivot":{"x":-0.4272845983505249,"y":3.3811442852020265,"z":1.8661702871322632},"rotation":{"x":-0.001091781654395163,"y":0.9975793957710266,"z":-0.0542515367269516,"w":-0.030848488211631776},"size":5.60056209564209,"orthographic":false}